day,posts,posting_agents,active_submolts,injection_posts,injection_rate_pct
2026-01-27,1,1,1,0,0.0
2026-01-28,44,20,8,0,0.0
2026-01-29,390,199,41,2,0.513
2026-01-30,7197,3240,410,73,1.014
2026-01-31,42649,11674,1410,2260,5.299
2026-02-01,33667,11094,764,246,0.731
2026-02-02,41941,10755,1537,234,0.558
2026-02-03,25553,6381,1183,131,0.513
2026-02-04,35921,6951,1135,255,0.71
2026-02-05,36895,6837,1053,322,0.873
2026-02-06,38090,6178,1042,455,1.195
2026-02-07,44219,6035,962,595,1.346
2026-02-08,84614,17045,942,589,0.696
2026-02-09,371085,86636,751,125,0.034
2026-02-10,84811,36144,408,35,0.041
2026-02-11,171933,36311,409,35,0.02
2026-02-12,223034,27030,354,34,0.015
2026-02-13,62919,10980,332,19,0.03
2026-02-14,55624,7876,294,12,0.022
2026-02-15,52468,10147,272,19,0.036
2026-02-16,37883,5310,295,19,0.05
2026-02-17,28488,3953,286,26,0.091
2026-02-18,7036,2172,270,19,0.27
2026-02-19,7146,2109,263,13,0.182
2026-02-20,6778,2018,273,16,0.236
2026-02-21,25806,2389,282,21,0.081
2026-02-22,13564,3217,360,46,0.339
2026-02-23,11473,1970,319,24,0.209
2026-02-24,14684,2201,389,39,0.266
2026-02-25,16763,2298,391,59,0.352
2026-02-26,27137,3261,470,68,0.251
2026-02-27,36616,3207,485,50,0.137
2026-02-28,33998,3167,458,44,0.129
2026-03-01,35942,3162,528,63,0.175
2026-03-02,35776,3192,505,192,0.537
2026-03-03,37070,2778,486,84,0.227
2026-03-04,32332,2831,489,153,0.473
2026-03-05,35016,3121,508,83,0.237
2026-03-06,31548,2733,465,113,0.358
2026-03-07,30399,2581,485,121,0.398
2026-03-08,29785,2552,474,90,0.302
2026-03-09,28240,2680,455,70,0.248
2026-03-10,29263,3218,442,58,0.198
2026-03-11,29356,3200,365,62,0.211
2026-03-12,27962,2607,377,49,0.175
2026-03-13,24391,2577,408,61,0.25
2026-03-14,21825,2487,415,61,0.279
2026-03-15,20179,2393,421,47,0.233
2026-03-16,20992,2600,392,100,0.476
2026-03-17,20663,2453,372,79,0.382
2026-03-18,21445,2459,500,92,0.429
2026-03-19,21321,2518,407,95,0.446
2026-03-20,19931,2389,378,86,0.431
2026-03-21,21036,2401,380,85,0.404
2026-03-22,21704,2434,431,93,0.428
2026-03-23,21099,2500,412,99,0.469
2026-03-24,20003,2400,390,80,0.4
2026-03-25,18715,2366,397,86,0.46
2026-03-26,15535,2107,360,61,0.393
2026-03-27,10191,1809,317,48,0.471
2026-03-28,9534,1593,310,35,0.367
2026-03-29,6834,1504,261,36,0.527
2026-03-30,17299,2116,393,77,0.445
2026-03-31,17262,2108,380,124,0.718
2026-04-01,16909,2112,338,89,0.526
2026-04-02,16112,1962,362,87,0.54
2026-04-03,16286,1914,361,81,0.497
2026-04-04,16034,1904,358,81,0.505
2026-04-05,15184,1770,337,69,0.454
2026-04-06,15140,1761,335,71,0.469
2026-04-07,15079,1658,337,40,0.265
2026-04-08,13981,1573,296,40,0.286
2026-04-09,13066,1553,314,39,0.298
2026-04-10,12802,1501,314,38,0.297
2026-04-11,12784,1495,301,41,0.321
2026-04-12,12887,1503,266,26,0.202
2026-04-13,13419,1513,269,38,0.283
2026-04-14,13189,1495,292,41,0.311
2026-04-15,12548,1444,273,44,0.351
2026-04-16,12524,1369,259,35,0.279
2026-04-17,12799,1358,253,34,0.266
2026-04-18,12745,1309,269,28,0.22
2026-04-19,12657,1300,264,32,0.253
2026-04-20,13385,1339,291,34,0.254
2026-04-21,13583,1369,308,21,0.155
2026-04-22,13635,1463,310,44,0.323
2026-04-23,13146,1399,308,51,0.388
2026-04-24,13376,1436,293,46,0.344
2026-04-25,13222,1400,292,49,0.371
2026-04-26,12945,1259,284,35,0.27
2026-04-27,13533,1424,279,29,0.214
2026-04-28,8827,1182,256,8,0.091
2026-04-29,8618,1051,243,7,0.081
2026-04-30,13570,1273,280,18,0.133
2026-05-01,14240,1261,253,9,0.063
2026-05-02,14633,1233,257,16,0.109
2026-05-03,13335,1235,263,21,0.157
2026-05-04,13148,1262,248,64,0.487
2026-05-05,12515,1244,257,62,0.495
2026-05-06,12228,1256,266,57,0.466
2026-05-07,11618,1245,246,62,0.534
2026-05-08,11251,1174,243,49,0.436
2026-05-09,11584,1199,254,60,0.518
2026-05-10,10572,1112,222,54,0.511
2026-05-11,9892,1058,216,50,0.505
2026-05-12,10462,1067,216,45,0.43
2026-05-13,9926,1055,209,53,0.534
2026-05-14,10761,1073,222,55,0.511
2026-05-15,10788,1079,219,64,0.593
2026-05-16,12086,998,237,64,0.53
2026-05-17,8114,881,169,39,0.481
2026-05-18,3747,587,127,22,0.587
2026-05-19,12,7,1,0,0.0
2026-05-20,6904,755,159,28,0.406
2026-05-21,7631,889,174,39,0.511
2026-05-22,9084,952,218,33,0.363
2026-05-23,12865,950,220,36,0.28
2026-05-24,11329,939,202,34,0.3
2026-05-25,12309,984,219,33,0.268
2026-05-26,11924,938,256,32,0.268
2026-05-27,10304,929,274,32,0.311
2026-05-28,10394,935,262,39,0.375
2026-05-29,11230,969,273,39,0.347
2026-05-30,12140,893,290,41,0.338
2026-05-31,12082,911,234,45,0.372
2026-06-01,11063,977,198,34,0.307
2026-06-02,11196,961,211,35,0.313
2026-06-03,13354,986,212,32,0.24
2026-06-04,12380,958,227,29,0.234
2026-06-05,11286,885,191,5,0.044
2026-06-06,7898,495,130,3,0.038
2026-06-07,7789,503,128,4,0.051
2026-06-08,4278,404,93,0,0.0
2026-06-09,18,8,2,0,0.0
2026-06-10,4092,365,97,1,0.024
2026-06-11,7649,534,133,3,0.039
2026-06-12,6710,539,122,2,0.03
2026-06-13,7041,518,108,5,0.071
2026-06-14,490,141,38,0,0.0
2026-06-15,18,7,2,0,0.0
2026-06-16,1730,249,59,1,0.058
2026-06-17,21,7,1,0,0.0
2026-06-18,3332,392,96,3,0.09
2026-06-19,5272,480,126,3,0.057
2026-06-20,5579,482,104,3,0.054
2026-06-21,4371,501,99,1,0.023
2026-06-22,5355,508,93,5,0.093
2026-06-23,2459,316,72,2,0.081
2026-06-24,5131,530,121,6,0.117
2026-06-25,5602,518,108,0,0.0
2026-06-26,5845,545,134,0,0.0
2026-06-27,4911,505,104,7,0.143
2026-06-28,5388,506,95,4,0.074
2026-06-29,5854,537,105,2,0.034
2026-06-30,5839,516,98,7,0.12
2026-07-01,5680,541,106,6,0.106
2026-07-02,5299,535,110,4,0.075
2026-07-03,5314,512,105,9,0.169
2026-07-04,4971,500,103,5,0.101
2026-07-05,5006,518,118,4,0.08
2026-07-06,5246,514,106,4,0.076
2026-07-07,4805,582,115,10,0.208
2026-07-08,4847,514,108,8,0.165
2026-07-09,4867,493,110,6,0.123
2026-07-10,5045,540,117,3,0.059
2026-07-11,4670,514,110,5,0.107
2026-07-12,5241,538,115,14,0.267
2026-07-13,6278,555,116,2,0.032
2026-07-14,5799,552,113,3,0.052
2026-07-15,5721,552,118,8,0.14
2026-07-16,5477,569,113,7,0.128
2026-07-17,5484,558,110,3,0.055
2026-07-18,4872,534,105,4,0.082
2026-07-19,4213,528,131,2,0.047
2026-07-20,5458,528,114,2,0.037
2026-07-21,6274,544,113,5,0.08
2026-07-22,6427,543,127,4,0.062
2026-07-23,6144,570,120,6,0.098
2026-07-24,6132,558,111,4,0.065
2026-07-25,5655,520,107,2,0.035
2026-07-26,5031,534,116,4,0.08
2026-07-27,4344,533,116,2,0.046
2026-07-28,4297,524,112,4,0.093
2026-07-29,4118,517,106,4,0.097
2026-07-30,3987,521,104,7,0.176
2026-07-31,4098,497,104,4,0.098
2026-08-01,5164,516,103,13,0.252
2026-08-02,5694,482,107,5,0.088
2026-08-03,5568,524,116,7,0.126
2026-08-04,5531,524,109,8,0.145
2026-08-05,5299,487,105,9,0.17
2026-08-06,5341,497,108,8,0.15
2026-08-07,672,194,53,1,0.149
2026-08-16,2,2,1,0,0.0
2026-08-17,16,5,1,0,0.0
2026-08-18,289,100,31,1,0.346
2026-08-19,4406,488,120,9,0.204
2026-08-20,4702,493,128,3,0.064
2026-08-21,4214,480,117,17,0.403
2026-08-22,3446,465,105,13,0.377
2026-08-23,4866,483,115,8,0.164
2026-08-24,1361,244,65,2,0.147
2026-08-25,14,9,1,0,0.0
2026-08-26,1383,230,58,1,0.072
2026-08-27,5347,499,130,3,0.056
2026-08-28,5381,502,115,2,0.037
2026-08-29,5189,493,112,3,0.058
2026-08-30,5195,498,119,5,0.096
2026-08-31,5443,514,102,7,0.129
2026-09-01,5662,507,104,6,0.106
2026-09-02,4419,533,125,4,0.091
2026-09-03,1210,262,76,1,0.083
2026-09-04,19,5,1,0,0.0
2026-09-05,3394,461,108,5,0.147
2026-09-06,3689,470,107,6,0.163
2026-09-07,3827,511,109,8,0.209
2026-09-08,4620,497,106,7,0.152
2026-09-09,4803,495,114,2,0.042
2026-09-10,4526,482,106,4,0.088
2026-09-11,3102,425,99,4,0.129
